1LNIA	1RGGA	100.000	96	0	0	1	96	1	96	9.72e-70	197
1LNIA	1LNIA	100.000	96	0	0	1	96	1	96	9.72e-70	197
1LNIA	1SARA	98.958	96	1	0	1	96	1	96	7.09e-69	195
1LNIA	1MGRA	70.968	93	27	0	4	96	5	97	5.72e-47	139
1LNIA	1BAOA	33.750	80	44	4	19	92	31	107	0.002	28.9
1LNIA	1BRKA	33.750	80	44	4	19	92	31	107	0.003	28.5
1LNIA	1BSBA	35.000	80	43	4	19	92	31	107	0.003	28.1
1LNIA	1BSEA	33.750	80	44	4	19	92	31	107	0.004	28.1
1LNIA	1BSAA	33.750	80	44	4	19	92	30	106	0.004	28.1
1LNIA	1BRGA	33.750	80	44	4	19	92	31	107	0.004	28.1
1LNIA	1BRHA	33.750	80	44	4	19	92	31	107	0.005	27.7
1LNIA	1BNSA	33.750	80	44	4	19	92	31	107	0.005	27.7
1LNIA	1BNIA	33.750	80	44	4	19	92	31	107	0.005	27.7
1LNIA	1A2PA	33.750	80	44	4	19	92	31	107	0.005	27.7
1LNIA	1BANA	33.750	80	44	4	19	92	31	107	0.005	27.7
1LNIA	1BSDA	33.750	80	44	4	19	92	30	106	0.005	27.7
1LNIA	1BSCA	32.500	80	45	4	19	92	31	107	0.009	27.3
1LNIA	1BRJA	29.114	79	49	2	19	92	31	107	0.010	26.9
1LNIA	1BRIA	33.750	80	44	4	19	92	31	107	0.013	26.6
1LNIA	1SUPA	35.000	20	13	0	41	60	206	225	3.7	20.0
1LNIA	1TYVA	36.364	33	21	0	18	50	111	143	6.3	19.6
1LNIA	1CLWA	36.364	33	21	0	18	50	111	143	6.4	19.6
1LNIA	1HCQA	41.176	17	10	0	75	91	8	24	8.0	18.5
